{
    "CGPA": 0.01690166930993911,
    "Internships": 0.0,
    "Projects": 0.02390282089587646,
    "Certificates": 0.007999856593806332,
    "AptitudeTestScore": 0.9511956532003781
}